<?xml version="1.0" encoding="UTF-8"?>
<project-private xmlns="http://www.netbeans.org/ns/project-private/1">
    <editor-bookmarks xmlns="http://www.netbeans.org/ns/editor-bookmarks/2" lastBookmarkId="0"/>
    <open-files xmlns="http://www.netbeans.org/ns/projectui-open-files/2">
        <group>
            <file>file:/C:/Users/Admin/Documents/NetBeansProjects/GUI/src/gui/IssueBookFrame.java</file>
            <file>file:/C:/Users/Admin/Documents/NetBeansProjects/GUI/src/gui/Admin.java</file>
            <file>file:/C:/Users/Admin/Documents/NetBeansProjects/GUI/src/gui/AdminSectionFrame.java</file>
            <file>file:/C:/Users/Admin/Documents/NetBeansProjects/GUI/src/gui/Book.java</file>
            <file>file:/C:/Users/Admin/Documents/NetBeansProjects/GUI/src/gui/Student.java</file>
            <file>file:/C:/Users/Admin/Documents/NetBeansProjects/GUI/src/gui/AdminLoginFrame.java</file>
            <file>file:/C:/Users/Admin/Documents/NetBeansProjects/GUI/src/gui/ReturnBookFrame.java</file>
            <file>file:/C:/Users/Admin/Documents/NetBeansProjects/GUI/src/gui/GUI.java</file>
            <file>file:/C:/Users/Admin/Documents/NetBeansProjects/GUI/src/gui/ViewLibrarianFrame.java</file>
            <file>file:/C:/Users/Admin/Documents/NetBeansProjects/GUI/src/gui/DeleteLibrarianFrame.java</file>
            <file>file:/C:/Users/Admin/Documents/NetBeansProjects/GUI/src/gui/AddBookFrame.java</file>
            <file>file:/C:/Users/Admin/Documents/NetBeansProjects/GUI/src/gui/LibraryFrame.java</file>
            <file>file:/C:/Users/Admin/Documents/NetBeansProjects/GUI/src/gui/LibrarianLoginFrame.java</file>
            <file>file:/C:/Users/Admin/Documents/NetBeansProjects/GUI/src/gui/LibrarianSectionFrame.java</file>
            <file>file:/C:/Users/Admin/Documents/NetBeansProjects/GUI/src/gui/Librarian.java</file>
            <file>file:/C:/Users/Admin/Documents/NetBeansProjects/GUI/src/gui/AddLibrarianFrame.java</file>
            <file>file:/C:/Users/Admin/Documents/NetBeansProjects/GUI/src/gui/ViewIssuedBooksFrame.java</file>
            <file>file:/C:/Users/Admin/Documents/NetBeansProjects/GUI/src/gui/ViewBooksFrame.java</file>
        </group>
    </open-files>
</project-private>
